Particle_Type;Detector_X;Detector_Y;Detector_Z;Dir_X;Dir_Y;Dir_Z;Track_Length;Time
neutron;-0.250000;-0.250000;1.250000;0.920620;-0.164511;0.354112;0.108677;0.470661
neutron;-0.250000;0.250000;1.250000;0.920620;-0.164511;0.354112;0.108677;0.470661
neutron;-0.250000;0.750000;1.250000;0.920620;-0.164511;0.354112;0.108677;0.470661
neutron;0.250000;-0.250000;1.250000;0.920620;-0.164511;0.354112;0.651789;0.470661
neutron;0.250000;0.250000;1.250000;0.920620;-0.164511;0.354112;0.651789;0.470661
neutron;0.250000;0.750000;1.250000;0.920620;-0.164511;0.354112;0.651789;0.470661
neutron;0.750000;-0.250000;1.250000;0.920620;-0.164511;0.354112;1.194901;0.470661
neutron;0.750000;0.250000;1.250000;0.920620;-0.164511;0.354112;1.194901;0.470661
neutron;0.750000;0.750000;1.250000;0.920620;-0.164511;0.354112;0.813660;0.470661
neutron;1.250000;-0.250000;-0.750000;0.920620;-0.164511;0.354112;0.434436;0.181037
neutron;1.250000;-0.250000;-0.250000;0.920620;-0.164511;0.354112;1.846419;0.181037
neutron;1.250000;-0.250000;0.250000;0.920620;-0.164511;0.354112;2.172449;0.181037
neutron;1.250000;-0.250000;0.750000;0.920620;-0.164511;0.354112;2.172449;0.181037
neutron;1.250000;-0.250000;1.250000;0.920620;-0.164511;0.354112;1.738014;0.470661
neutron;1.250000;0.250000;-0.750000;0.920620;-0.164511;0.354112;0.434436;0.181037
neutron;1.250000;0.250000;-0.250000;0.920620;-0.164511;0.354112;1.846419;0.181037
neutron;1.250000;0.250000;0.250000;0.920620;-0.164511;0.354112;2.172449;0.181037
neutron;1.250000;0.250000;0.750000;0.920620;-0.164511;0.354112;2.172449;0.181037
neutron;1.250000;0.250000;1.250000;0.920620;-0.164511;0.354112;1.738014;0.470661
neutron;1.250000;0.750000;-0.750000;0.920620;-0.164511;0.354112;0.434436;0.181037
neutron;1.250000;0.750000;-0.250000;0.920620;-0.164511;0.354112;1.248095;0.181037
neutron;1.250000;0.750000;0.250000;0.920620;-0.164511;0.354112;1.248095;0.181037
neutron;1.250000;0.750000;0.750000;0.920620;-0.164511;0.354112;1.248095;0.181037
neutron;1.250000;0.750000;1.250000;0.920620;-0.164511;0.354112;0.813660;0.470661
neutron;-1.250000;-0.250000;-0.250000;-0.579376;-0.340787;0.740396;0.581472;3.495228
neutron;-1.250000;-0.250000;0.250000;-0.579376;-0.340787;0.740396;1.256786;3.495228
neutron;-1.250000;-0.250000;0.750000;-0.579376;-0.340787;0.740396;1.932100;3.495228
neutron;-1.250000;-0.250000;1.250000;-0.579376;-0.340787;0.740396;2.607414;3.495228
neutron;-1.250000;0.250000;-0.250000;-0.579376;-0.340787;0.740396;0.581472;3.495228
neutron;-1.250000;0.250000;0.250000;-0.579376;-0.340787;0.740396;1.256786;3.495228
neutron;-1.250000;0.250000;0.750000;-0.579376;-0.340787;0.740396;1.769287;3.495228
neutron;-1.250000;0.250000;1.250000;-0.579376;-0.340787;0.740396;1.769287;3.495228
neutron;-1.250000;0.750000;-0.250000;-0.579376;-0.340787;0.740396;0.302097;3.495228
neutron;-1.250000;0.750000;0.250000;-0.579376;-0.340787;0.740396;0.302097;3.495228
neutron;-1.250000;0.750000;0.750000;-0.579376;-0.340787;0.740396;0.302097;3.495228
neutron;-1.250000;0.750000;1.250000;-0.579376;-0.340787;0.740396;0.302097;3.495228
neutron;-0.750000;-0.250000;1.250000;-0.579376;-0.340787;0.740396;2.682832;3.432667
neutron;-0.750000;0.250000;1.250000;-0.579376;-0.340787;0.740396;1.863128;3.432667
neutron;-0.750000;0.750000;1.250000;-0.579376;-0.340787;0.740396;0.395938;3.432667
neutron;-0.250000;-0.250000;1.250000;-0.579376;-0.340787;0.740396;1.819835;3.432667
neutron;-0.250000;0.250000;1.250000;-0.579376;-0.340787;0.740396;1.819835;3.432667
neutron;-0.250000;0.750000;1.250000;-0.579376;-0.340787;0.740396;0.395938;3.432667
neutron;0.250000;-0.250000;1.250000;-0.579376;-0.340787;0.740396;0.956838;3.432667
neutron;0.250000;0.250000;1.250000;-0.579376;-0.340787;0.740396;0.956838;3.432667
neutron;0.250000;0.750000;1.250000;-0.579376;-0.340787;0.740396;0.395938;3.432667
neutron;0.750000;-0.250000;1.250000;-0.579376;-0.340787;0.740396;0.093841;3.432667
neutron;0.750000;0.250000;1.250000;-0.579376;-0.340787;0.740396;0.093841;3.432667
neutron;0.750000;0.750000;1.250000;-0.579376;-0.340787;0.740396;0.093841;3.432667
neutron;-1.250000;-0.250000;-0.750000;-0.459740;-0.810369;0.363239;0.144467;1.470519
neutron;-1.250000;-0.250000;-0.250000;-0.459740;-0.810369;0.363239;0.998722;1.470519
neutron;-1.250000;-0.250000;0.250000;-0.459740;-0.810369;0.363239;0.998722;1.470519
neutron;-1.250000;-0.250000;0.750000;-0.459740;-0.810369;0.363239;0.998722;1.470519
neutron;-1.250000;-0.250000;1.250000;-0.459740;-0.810369;0.363239;0.854255;1.566830
neutron;-1.250000;0.250000;-0.750000;-0.459740;-0.810369;0.363239;0.144467;1.470519
neutron;-1.250000;0.250000;-0.250000;-0.459740;-0.810369;0.363239;0.381719;1.470519
neutron;-1.250000;0.250000;0.250000;-0.459740;-0.810369;0.363239;0.381719;1.470519
neutron;-1.250000;0.250000;0.750000;-0.459740;-0.810369;0.363239;0.381719;1.470519
neutron;-1.250000;0.250000;1.250000;-0.459740;-0.810369;0.363239;0.237252;1.566830
neutron;-0.750000;-0.250000;1.250000;-0.459740;-0.810369;0.363239;0.854255;1.566830
neutron;-0.750000;0.250000;1.250000;-0.459740;-0.810369;0.363239;0.237252;1.566830
neutron;-0.250000;-0.250000;1.250000;-0.459740;-0.810369;0.363239;0.854255;1.566830
neutron;-0.250000;0.250000;1.250000;-0.459740;-0.810369;0.363239;0.237252;1.566830
neutron;0.250000;-0.250000;1.250000;-0.459740;-0.810369;0.363239;0.854255;1.566830
neutron;0.250000;0.250000;1.250000;-0.459740;-0.810369;0.363239;0.237252;1.566830
neutron;-1.250000;-0.250000;-1.250000;-0.486134;0.184603;-0.854163;2.119896;0.342841
neutron;-1.250000;-0.250000;-0.750000;-0.486134;0.184603;-0.854163;1.534527;0.342841
neutron;-1.250000;-0.250000;-0.250000;-0.486134;0.184603;-0.854163;0.949159;0.342841
neutron;-1.250000;-0.250000;0.250000;-0.486134;0.184603;-0.854163;0.363791;0.342841
neutron;-1.250000;0.250000;-1.250000;-0.486134;0.184603;-0.854163;2.119896;0.342841
neutron;-1.250000;0.250000;-0.750000;-0.486134;0.184603;-0.854163;1.534527;0.342841
neutron;-1.250000;0.250000;-0.250000;-0.486134;0.184603;-0.854163;0.949159;0.342841
neutron;-1.250000;0.250000;0.250000;-0.486134;0.184603;-0.854163;0.363791;0.342841
neutron;-1.250000;0.750000;-1.250000;-0.486134;0.184603;-0.854163;2.119896;0.342841
neutron;-1.250000;0.750000;-0.750000;-0.486134;0.184603;-0.854163;1.534527;0.342841
neutron;-1.250000;0.750000;-0.250000;-0.486134;0.184603;-0.854163;0.949159;0.342841
neutron;-1.250000;0.750000;0.250000;-0.486134;0.184603;-0.854163;0.363791;0.342841
neutron;-1.250000;1.250000;-1.250000;-0.486134;0.184603;-0.854163;1.279900;0.902837
neutron;-1.250000;1.250000;-0.750000;-0.486134;0.184603;-0.854163;0.694532;0.902837
neutron;-1.250000;1.250000;-0.250000;-0.486134;0.184603;-0.854163;0.109164;0.902837
neutron;-0.750000;-0.250000;-1.250000;-0.486134;0.184603;-0.854163;2.341473;0.195123
neutron;-0.750000;0.250000;-1.250000;-0.486134;0.184603;-0.854163;2.341473;0.195123
neutron;-0.750000;0.750000;-1.250000;-0.486134;0.184603;-0.854163;2.341473;0.195123
neutron;-0.750000;1.250000;-1.250000;-0.486134;0.184603;-0.854163;1.279900;0.902837
neutron;-0.750000;1.250000;-0.750000;-0.486134;0.184603;-0.854163;0.694532;0.902837
neutron;-0.750000;1.250000;-0.250000;-0.486134;0.184603;-0.854163;0.109164;0.902837
neutron;-0.250000;-0.250000;-1.250000;-0.486134;0.184603;-0.854163;2.278621;0.195123
neutron;-0.250000;0.250000;-1.250000;-0.486134;0.184603;-0.854163;2.278621;0.195123
neutron;-0.250000;0.750000;-1.250000;-0.486134;0.184603;-0.854163;2.278621;0.195123
neutron;-0.250000;1.250000;-1.250000;-0.486134;0.184603;-0.854163;1.217049;0.902837
neutron;-0.250000;1.250000;-0.750000;-0.486134;0.184603;-0.854163;0.694532;0.902837
neutron;-0.250000;1.250000;-0.250000;-0.486134;0.184603;-0.854163;0.109164;0.902837
neutron;0.250000;-0.250000;-1.250000;-0.486134;0.184603;-0.854163;1.250099;0.195123
neutron;0.250000;0.250000;-1.250000;-0.486134;0.184603;-0.854163;1.250099;0.195123
neutron;0.250000;0.750000;-1.250000;-0.486134;0.184603;-0.854163;1.250099;0.195123
neutron;0.250000;1.250000;-1.250000;-0.486134;0.184603;-0.854163;0.188527;0.902837
neutron;0.250000;1.250000;-0.750000;-0.486134;0.184603;-0.854163;0.188527;0.902837
neutron;0.250000;1.250000;-0.250000;-0.486134;0.184603;-0.854163;0.109164;0.902837
neutron;0.750000;-0.250000;-1.250000;-0.486134;0.184603;-0.854163;0.221577;0.195123
neutron;0.750000;0.250000;-1.250000;-0.486134;0.184603;-0.854163;0.221577;0.195123
neutron;0.750000;0.750000;-1.250000;-0.486134;0.184603;-0.854163;0.221577;0.195123
neutron;-0.750000;0.750000;-1.250000;0.104015;0.979893;-0.170269;0.317643;5.237267
neutron;-0.750000;1.250000;-1.250000;0.104015;0.979893;-0.170269;0.827903;5.237267
neutron;-0.750000;1.250000;-0.750000;0.104015;0.979893;-0.170269;2.041040;4.428509
neutron;-0.750000;1.250000;-0.250000;0.104015;0.979893;-0.170269;2.041040;4.428509
neutron;-0.750000;1.250000;0.250000;0.104015;0.979893;-0.170269;2.041040;4.428509
neutron;-0.750000;1.250000;0.750000;0.104015;0.979893;-0.170269;1.213137;4.428509
neutron;-0.750000;1.750000;-1.250000;0.104015;0.979893;-0.170269;0.935222;5.237267
neutron;-0.750000;1.750000;-0.750000;0.104015;0.979893;-0.170269;1.638099;4.768682
neutron;-0.750000;1.750000;-0.250000;0.104015;0.979893;-0.170269;1.638099;4.768682
neutron;-0.750000;1.750000;0.250000;0.104015;0.979893;-0.170269;1.638099;4.768682
neutron;-0.750000;1.750000;0.750000;0.104015;0.979893;-0.170269;0.702877;4.768682
neutron;-0.750000;2.250000;-1.250000;0.104015;0.979893;-0.170269;0.935222;5.237267
neutron;-0.750000;2.250000;-0.750000;0.104015;0.979893;-0.170269;1.127839;5.108856
neutron;-0.750000;2.250000;-0.250000;0.104015;0.979893;-0.170269;1.127839;5.108856
neutron;-0.750000;2.250000;0.250000;0.104015;0.979893;-0.170269;1.127839;5.108856
neutron;-0.750000;2.250000;0.750000;0.104015;0.979893;-0.170269;0.192617;5.108856
neutron;-0.250000;0.750000;-1.250000;0.104015;0.979893;-0.170269;0.317643;5.237267
neutron;-0.250000;1.250000;-1.250000;0.104015;0.979893;-0.170269;0.827903;5.237267
neutron;-0.250000;1.250000;-0.750000;0.104015;0.979893;-0.170269;2.041040;4.428509
neutron;-0.250000;1.250000;-0.250000;0.104015;0.979893;-0.170269;2.041040;4.428509
neutron;-0.250000;1.250000;0.250000;0.104015;0.979893;-0.170269;2.041040;4.428509
neutron;-0.250000;1.250000;0.750000;0.104015;0.979893;-0.170269;1.213137;4.428509
neutron;-0.250000;1.750000;-1.250000;0.104015;0.979893;-0.170269;1.338163;5.237267
neutron;-0.250000;1.750000;-0.750000;0.104015;0.979893;-0.170269;2.041040;4.768682
neutron;-0.250000;1.750000;-0.250000;0.104015;0.979893;-0.170269;2.041040;4.768682
neutron;-0.250000;1.750000;0.250000;0.104015;0.979893;-0.170269;2.041040;4.768682
neutron;-0.250000;1.750000;0.750000;0.104015;0.979893;-0.170269;0.702877;4.768682
neutron;-0.250000;2.250000;-1.250000;0.104015;0.979893;-0.170269;1.848423;5.237267
neutron;-0.250000;2.250000;-0.750000;0.104015;0.979893;-0.170269;2.041040;5.108856
neutron;-0.250000;2.250000;-0.250000;0.104015;0.979893;-0.170269;2.041040;5.108856
neutron;-0.250000;2.250000;0.250000;0.104015;0.979893;-0.170269;2.041040;5.108856
neutron;-0.250000;2.250000;0.750000;0.104015;0.979893;-0.170269;0.192617;5.108856
neutron;0.250000;0.750000;-1.250000;0.104015;0.979893;-0.170269;0.317643;5.237267
neutron;0.250000;1.250000;-1.250000;0.104015;0.979893;-0.170269;0.827903;5.237267
neutron;0.250000;1.250000;-0.750000;0.104015;0.979893;-0.170269;2.041040;4.428509
neutron;0.250000;1.250000;-0.250000;0.104015;0.979893;-0.170269;2.041040;4.428509
neutron;0.250000;1.250000;0.250000;0.104015;0.979893;-0.170269;2.041040;4.428509
neutron;0.250000;1.250000;0.750000;0.104015;0.979893;-0.170269;1.213137;4.428509
neutron;0.250000;1.750000;-1.250000;0.104015;0.979893;-0.170269;1.338163;5.237267
neutron;0.250000;1.750000;-0.750000;0.104015;0.979893;-0.170269;2.041040;4.768682
neutron;0.250000;1.750000;-0.250000;0.104015;0.979893;-0.170269;2.041040;4.768682
neutron;0.250000;1.750000;0.250000;0.104015;0.979893;-0.170269;2.041040;4.768682
neutron;0.250000;1.750000;0.750000;0.104015;0.979893;-0.170269;0.702877;4.768682
neutron;0.250000;2.250000;-1.250000;0.104015;0.979893;-0.170269;1.848423;5.237267
neutron;0.250000;2.250000;-0.750000;0.104015;0.979893;-0.170269;2.041040;5.108856
neutron;0.250000;2.250000;-0.250000;0.104015;0.979893;-0.170269;2.041040;5.108856
neutron;0.250000;2.250000;0.250000;0.104015;0.979893;-0.170269;2.041040;5.108856
neutron;0.250000;2.250000;0.750000;0.104015;0.979893;-0.170269;0.192617;5.108856
neutron;0.750000;0.750000;-1.250000;0.104015;0.979893;-0.170269;0.317643;5.237267
neutron;0.750000;1.250000;-1.250000;0.104015;0.979893;-0.170269;0.827903;5.237267
neutron;0.750000;1.250000;-0.750000;0.104015;0.979893;-0.170269;2.041040;4.428509
neutron;0.750000;1.250000;-0.250000;0.104015;0.979893;-0.170269;2.041040;4.428509
neutron;0.750000;1.250000;0.250000;0.104015;0.979893;-0.170269;2.041040;4.428509
neutron;0.750000;1.250000;0.750000;0.104015;0.979893;-0.170269;1.213137;4.428509
neutron;0.750000;1.750000;-1.250000;0.104015;0.979893;-0.170269;1.338163;5.237267
neutron;0.750000;1.750000;-0.750000;0.104015;0.979893;-0.170269;2.041040;4.768682
neutron;0.750000;1.750000;-0.250000;0.104015;0.979893;-0.170269;2.041040;4.768682
neutron;0.750000;1.750000;0.250000;0.104015;0.979893;-0.170269;2.041040;4.768682
neutron;0.750000;1.750000;0.750000;0.104015;0.979893;-0.170269;0.702877;4.768682
neutron;0.750000;2.250000;-1.250000;0.104015;0.979893;-0.170269;1.848423;5.237267
neutron;0.750000;2.250000;-0.750000;0.104015;0.979893;-0.170269;2.041040;5.108856
neutron;0.750000;2.250000;-0.250000;0.104015;0.979893;-0.170269;2.041040;5.108856
neutron;0.750000;2.250000;0.250000;0.104015;0.979893;-0.170269;2.041040;5.108856
neutron;0.750000;2.250000;0.750000;0.104015;0.979893;-0.170269;0.192617;5.108856
neutron;1.250000;1.750000;-1.250000;0.104015;0.979893;-0.170269;0.402941;5.860749
neutron;1.250000;1.750000;-0.750000;0.104015;0.979893;-0.170269;0.402941;5.860749
neutron;1.250000;1.750000;-0.250000;0.104015;0.979893;-0.170269;0.402941;5.860749
neutron;1.250000;1.750000;0.250000;0.104015;0.979893;-0.170269;0.402941;5.860749
neutron;1.250000;2.250000;-1.250000;0.104015;0.979893;-0.170269;0.913201;5.860749
neutron;1.250000;2.250000;-0.750000;0.104015;0.979893;-0.170269;0.913201;5.860749
neutron;1.250000;2.250000;-0.250000;0.104015;0.979893;-0.170269;0.913201;5.860749
neutron;1.250000;2.250000;0.250000;0.104015;0.979893;-0.170269;0.913201;5.860749
neutron;-1.250000;-0.250000;-0.750000;-0.762917;-0.073832;0.642267;0.061557;0.218460
neutron;-1.250000;-0.250000;-0.250000;-0.762917;-0.073832;0.642267;0.840050;0.218460
neutron;-1.250000;-0.250000;0.250000;-0.762917;-0.073832;0.642267;1.618543;0.218460
neutron;-1.250000;-0.250000;0.750000;-0.762917;-0.073832;0.642267;2.397036;0.218460
neutron;-1.250000;-0.250000;1.250000;-0.762917;-0.073832;0.642267;2.559960;0.259498
neutron;-1.250000;0.250000;-0.750000;-0.762917;-0.073832;0.642267;0.061557;0.218460
neutron;-1.250000;0.250000;-0.250000;-0.762917;-0.073832;0.642267;0.840050;0.218460
neutron;-1.250000;0.250000;0.250000;-0.762917;-0.073832;0.642267;1.618543;0.218460
neutron;-1.250000;0.250000;0.750000;-0.762917;-0.073832;0.642267;2.397036;0.218460
neutron;-1.250000;0.250000;1.250000;-0.762917;-0.073832;0.642267;2.559960;0.259498
neutron;-1.250000;0.750000;-0.750000;-0.762917;-0.073832;0.642267;0.061557;0.218460
neutron;-1.250000;0.750000;-0.250000;-0.762917;-0.073832;0.642267;0.840050;0.218460
neutron;-1.250000;0.750000;0.250000;-0.762917;-0.073832;0.642267;1.618543;0.218460
neutron;-1.250000;0.750000;0.750000;-0.762917;-0.073832;0.642267;2.397036;0.218460
neutron;-1.250000;0.750000;1.250000;-0.762917;-0.073832;0.642267;2.559960;0.259498
neutron;-0.750000;-0.250000;1.250000;-0.762917;-0.073832;0.642267;1.904581;0.259498
neutron;-0.750000;0.250000;1.250000;-0.762917;-0.073832;0.642267;1.904581;0.259498
neutron;-0.750000;0.750000;1.250000;-0.762917;-0.073832;0.642267;1.904581;0.259498
neutron;-0.250000;-0.250000;1.250000;-0.762917;-0.073832;0.642267;1.249201;0.259498
neutron;-0.250000;0.250000;1.250000;-0.762917;-0.073832;0.642267;1.249201;0.259498
neutron;-0.250000;0.750000;1.250000;-0.762917;-0.073832;0.642267;1.249201;0.259498
neutron;0.250000;-0.250000;1.250000;-0.762917;-0.073832;0.642267;0.593822;0.259498
neutron;0.250000;0.250000;1.250000;-0.762917;-0.073832;0.642267;0.593822;0.259498
neutron;0.250000;0.750000;1.250000;-0.762917;-0.073832;0.642267;0.593822;0.259498
neutron;-0.750000;-0.250000;1.250000;0.326122;-0.661500;0.675324;0.396392;0.246795
neutron;-0.750000;0.250000;1.250000;0.326122;-0.661500;0.675324;0.396392;0.246795
neutron;-0.750000;0.750000;1.250000;0.326122;-0.661500;0.675324;0.007736;0.246795
neutron;-0.250000;-0.250000;1.250000;0.326122;-0.661500;0.675324;1.519452;0.246795
neutron;-0.250000;0.250000;1.250000;0.326122;-0.661500;0.675324;0.763594;0.246795
neutron;-0.250000;0.750000;1.250000;0.326122;-0.661500;0.675324;0.007736;0.246795
neutron;0.250000;-0.250000;1.250000;0.326122;-0.661500;0.675324;1.519452;0.246795
neutron;0.250000;0.250000;1.250000;0.326122;-0.661500;0.675324;0.763594;0.246795
neutron;0.250000;0.750000;1.250000;0.326122;-0.661500;0.675324;0.007736;0.246795
neutron;0.750000;-0.250000;1.250000;0.326122;-0.661500;0.675324;1.519452;0.246795
neutron;0.750000;0.250000;1.250000;0.326122;-0.661500;0.675324;0.763594;0.246795
neutron;0.750000;0.750000;1.250000;0.326122;-0.661500;0.675324;0.007736;0.246795
neutron;1.250000;-0.250000;-0.250000;0.326122;-0.661500;0.675324;0.343994;0.511057
neutron;1.250000;-0.250000;0.250000;0.326122;-0.661500;0.675324;1.084379;0.511057
neutron;1.250000;-0.250000;0.750000;0.326122;-0.661500;0.675324;1.123060;0.511057
neutron;1.250000;-0.250000;1.250000;0.326122;-0.661500;0.675324;1.123060;0.511057
neutron;1.250000;0.250000;-0.250000;0.326122;-0.661500;0.675324;0.343994;0.511057
neutron;1.250000;0.250000;0.250000;0.326122;-0.661500;0.675324;0.367202;0.511057
neutron;1.250000;0.250000;0.750000;0.326122;-0.661500;0.675324;0.367202;0.511057
neutron;1.250000;0.250000;1.250000;0.326122;-0.661500;0.675324;0.367202;0.511057
neutron;-1.250000;-0.250000;-0.750000;-0.653252;-0.739034;0.164591;1.136214;0.255134
neutron;-1.250000;-0.250000;-0.250000;-0.653252;-0.739034;0.164591;1.308697;0.255134
neutron;-1.250000;-0.250000;0.250000;-0.653252;-0.739034;0.164591;1.308697;0.255134
neutron;-1.250000;-0.250000;0.750000;-0.653252;-0.739034;0.164591;1.308697;0.255134
neutron;-1.250000;-0.250000;1.250000;-0.653252;-0.739034;0.164591;0.172483;1.012610
neutron;-1.250000;0.250000;-0.750000;-0.653252;-0.739034;0.164591;0.632138;0.255134
neutron;-1.250000;0.250000;-0.250000;-0.653252;-0.739034;0.164591;0.632138;0.255134
neutron;-1.250000;0.250000;0.250000;-0.653252;-0.739034;0.164591;0.632138;0.255134
neutron;-1.250000;0.250000;0.750000;-0.653252;-0.739034;0.164591;0.632138;0.255134
neutron;-0.750000;-0.250000;1.250000;-0.653252;-0.739034;0.164591;0.172483;1.012610
neutron;-0.250000;-0.250000;1.250000;-0.653252;-0.739034;0.164591;0.172483;1.012610
neutron;-0.750000;-0.250000;-1.250000;0.281276;0.523747;-0.804098;0.577900;0.207272
neutron;-0.750000;0.250000;-1.250000;0.281276;0.523747;-0.804098;0.577900;0.207272
neutron;-0.750000;0.750000;-1.250000;0.281276;0.523747;-0.804098;0.577900;0.207272
neutron;-0.750000;1.250000;-1.250000;0.281276;0.523747;-0.804098;0.411478;0.318220
neutron;-0.750000;1.250000;-0.750000;0.281276;0.523747;-0.804098;0.411478;0.318220
neutron;-0.750000;1.250000;-0.250000;0.281276;0.523747;-0.804098;0.411478;0.318220
neutron;-0.750000;1.250000;0.250000;0.281276;0.523747;-0.804098;0.411478;0.318220
neutron;-0.250000;-0.250000;-1.250000;0.281276;0.523747;-0.804098;1.121082;0.207272
neutron;-0.250000;0.250000;-1.250000;0.281276;0.523747;-0.804098;2.075742;0.207272
neutron;-0.250000;0.750000;-1.250000;0.281276;0.523747;-0.804098;2.355516;0.207272
neutron;-0.250000;1.250000;-1.250000;0.281276;0.523747;-0.804098;2.189094;0.318220
neutron;-0.250000;1.250000;-0.750000;0.281276;0.523747;-0.804098;1.699022;0.318220
neutron;-0.250000;1.250000;-0.250000;0.281276;0.523747;-0.804098;1.077207;0.318220
neutron;-0.250000;1.250000;0.250000;0.281276;0.523747;-0.804098;0.455393;0.318220
neutron;-0.250000;1.750000;-1.250000;0.281276;0.523747;-0.804098;1.234434;0.954660
neutron;-0.250000;1.750000;-0.750000;0.281276;0.523747;-0.804098;0.744363;0.954660
neutron;-0.250000;1.750000;-0.250000;0.281276;0.523747;-0.804098;0.122548;0.954660
neutron;-0.250000;2.250000;-1.250000;0.281276;0.523747;-0.804098;0.279774;1.591100
neutron;0.250000;-0.250000;-1.250000;0.281276;0.523747;-0.804098;1.121082;0.207272
neutron;0.250000;0.250000;-1.250000;0.281276;0.523747;-0.804098;2.075742;0.207272
neutron;0.250000;0.750000;-1.250000;0.281276;0.523747;-0.804098;2.487260;0.207272
neutron;0.250000;1.250000;-1.250000;0.281276;0.523747;-0.804098;2.320837;0.318220
neutron;0.250000;1.250000;-0.750000;0.281276;0.523747;-0.804098;1.699022;0.318220
neutron;0.250000;1.250000;-0.250000;0.281276;0.523747;-0.804098;1.077207;0.318220
neutron;0.250000;1.250000;0.250000;0.281276;0.523747;-0.804098;0.455393;0.318220
neutron;0.250000;1.750000;-1.250000;0.281276;0.523747;-0.804098;1.366178;0.954660
neutron;0.250000;1.750000;-0.750000;0.281276;0.523747;-0.804098;0.744363;0.954660
neutron;0.250000;1.750000;-0.250000;0.281276;0.523747;-0.804098;0.122548;0.954660
neutron;0.250000;2.250000;-1.250000;0.281276;0.523747;-0.804098;0.411518;1.591100
neutron;0.750000;-0.250000;-1.250000;0.281276;0.523747;-0.804098;1.121082;0.207272
neutron;0.750000;0.250000;-1.250000;0.281276;0.523747;-0.804098;2.075742;0.207272
neutron;0.750000;0.750000;-1.250000;0.281276;0.523747;-0.804098;2.487260;0.207272
neutron;0.750000;1.250000;-1.250000;0.281276;0.523747;-0.804098;2.320837;0.318220
neutron;0.750000;1.250000;-0.750000;0.281276;0.523747;-0.804098;1.699022;0.318220
neutron;0.750000;1.250000;-0.250000;0.281276;0.523747;-0.804098;1.077207;0.318220
neutron;0.750000;1.250000;0.250000;0.281276;0.523747;-0.804098;0.455393;0.318220
neutron;0.750000;1.750000;-1.250000;0.281276;0.523747;-0.804098;1.366178;0.954660
neutron;0.750000;1.750000;-0.750000;0.281276;0.523747;-0.804098;0.744363;0.954660
neutron;0.750000;1.750000;-0.250000;0.281276;0.523747;-0.804098;0.122548;0.954660
neutron;0.750000;2.250000;-1.250000;0.281276;0.523747;-0.804098;0.411518;1.591100
neutron;1.250000;-0.250000;-1.250000;0.281276;0.523747;-0.804098;0.543182;0.592539
neutron;1.250000;-0.250000;-0.750000;0.281276;0.523747;-0.804098;0.543182;0.592539
neutron;1.250000;-0.250000;-0.250000;0.281276;0.523747;-0.804098;0.543182;0.592539
neutron;1.250000;-0.250000;0.250000;0.281276;0.523747;-0.804098;0.043914;0.592539
neutron;1.250000;0.250000;-1.250000;0.281276;0.523747;-0.804098;1.497841;0.592539
neutron;1.250000;0.250000;-0.750000;0.281276;0.523747;-0.804098;1.287544;0.592539
neutron;1.250000;0.250000;-0.250000;0.281276;0.523747;-0.804098;0.665729;0.592539
neutron;1.250000;0.250000;0.250000;0.281276;0.523747;-0.804098;0.043914;0.592539
neutron;1.250000;0.750000;-1.250000;0.281276;0.523747;-0.804098;1.909359;0.592539
neutron;1.250000;0.750000;-0.750000;0.281276;0.523747;-0.804098;1.287544;0.592539
neutron;1.250000;0.750000;-0.250000;0.281276;0.523747;-0.804098;0.665729;0.592539
neutron;1.250000;0.750000;0.250000;0.281276;0.523747;-0.804098;0.043914;0.592539
neutron;1.250000;1.250000;-1.250000;0.281276;0.523747;-0.804098;1.909359;0.592539
neutron;1.250000;1.250000;-0.750000;0.281276;0.523747;-0.804098;1.287544;0.592539
neutron;1.250000;1.250000;-0.250000;0.281276;0.523747;-0.804098;0.665729;0.592539
neutron;1.250000;1.250000;0.250000;0.281276;0.523747;-0.804098;0.043914;0.592539
neutron;1.250000;1.750000;-1.250000;0.281276;0.523747;-0.804098;1.366178;0.954660
neutron;1.250000;1.750000;-0.750000;0.281276;0.523747;-0.804098;0.744363;0.954660
neutron;1.250000;1.750000;-0.250000;0.281276;0.523747;-0.804098;0.122548;0.954660
neutron;1.250000;2.250000;-1.250000;0.281276;0.523747;-0.804098;0.411518;1.591100
neutron;1.250000;-0.250000;-0.750000;0.357495;-0.925695;-0.123641;0.651026;0.466207
neutron;1.250000;-0.250000;-0.250000;0.357495;-0.925695;-0.123641;0.651026;0.466207
neutron;1.250000;-0.250000;0.250000;0.357495;-0.925695;-0.123641;0.651026;0.466207
neutron;1.250000;-0.250000;0.750000;0.357495;-0.925695;-0.123641;0.651026;0.466207
neutron;1.250000;0.250000;-0.750000;0.357495;-0.925695;-0.123641;0.110891;0.466207
neutron;1.250000;0.250000;-0.250000;0.357495;-0.925695;-0.123641;0.110891;0.466207
neutron;1.250000;0.250000;0.250000;0.357495;-0.925695;-0.123641;0.110891;0.466207
neutron;1.250000;0.250000;0.750000;0.357495;-0.925695;-0.123641;0.110891;0.466207
alpha;-1.250000;-0.250000;-0.750000;-0.563846;-0.744181;0.358150;0.254648;6.841165
alpha;-1.250000;-0.250000;-0.250000;-0.563846;-0.744181;0.358150;1.236315;6.841165
alpha;-1.250000;-0.250000;0.250000;-0.563846;-0.744181;0.358150;1.236315;6.841165
alpha;-1.250000;-0.250000;0.750000;-0.563846;-0.744181;0.358150;1.236315;6.841165
alpha;-1.250000;-0.250000;1.250000;-0.563846;-0.744181;0.358150;0.981667;7.010930
alpha;-1.250000;0.250000;-0.750000;-0.563846;-0.744181;0.358150;0.254648;6.841165
alpha;-1.250000;0.250000;-0.250000;-0.563846;-0.744181;0.358150;0.564436;6.841165
alpha;-1.250000;0.250000;0.250000;-0.563846;-0.744181;0.358150;0.564436;6.841165
alpha;-1.250000;0.250000;0.750000;-0.563846;-0.744181;0.358150;0.564436;6.841165
alpha;-1.250000;0.250000;1.250000;-0.563846;-0.744181;0.358150;0.309787;7.010930
alpha;-0.750000;-0.250000;1.250000;-0.563846;-0.744181;0.358150;0.981667;7.010930
alpha;-0.750000;0.250000;1.250000;-0.563846;-0.744181;0.358150;0.309787;7.010930
alpha;-0.250000;-0.250000;1.250000;-0.563846;-0.744181;0.358150;0.981667;7.010930
alpha;-0.250000;0.250000;1.250000;-0.563846;-0.744181;0.358150;0.309787;7.010930
alpha;0.250000;-0.250000;1.250000;-0.563846;-0.744181;0.358150;0.632118;7.010930
alpha;0.250000;0.250000;1.250000;-0.563846;-0.744181;0.358150;0.309787;7.010930
alpha;-0.750000;-0.250000;-1.250000;0.096927;0.774394;-0.625235;0.568649;0.506614
alpha;-0.750000;0.250000;-1.250000;0.096927;0.774394;-0.625235;1.214315;0.506614
alpha;-0.750000;0.750000;-1.250000;0.096927;0.774394;-0.625235;1.859981;0.506614
alpha;-0.750000;1.250000;-1.250000;0.096927;0.774394;-0.625235;2.179422;0.506614
alpha;-0.750000;1.250000;-0.750000;0.096927;0.774394;-0.625235;2.256439;0.455270
alpha;-0.750000;1.250000;-0.250000;0.096927;0.774394;-0.625235;1.676415;0.455270
alpha;-0.750000;1.250000;0.250000;0.096927;0.774394;-0.625235;0.876716;0.455270
alpha;-0.750000;1.250000;0.750000;0.096927;0.774394;-0.625235;0.077017;0.455270
alpha;-0.750000;1.750000;-1.250000;0.096927;0.774394;-0.625235;1.610773;0.885714
alpha;-0.750000;1.750000;-0.750000;0.096927;0.774394;-0.625235;1.610773;0.885714
alpha;-0.750000;1.750000;-0.250000;0.096927;0.774394;-0.625235;1.030749;0.885714
alpha;-0.750000;1.750000;0.250000;0.096927;0.774394;-0.625235;0.231050;0.885714
alpha;-0.750000;2.250000;-1.250000;0.096927;0.774394;-0.625235;0.965107;1.316158
alpha;-0.750000;2.250000;-0.750000;0.096927;0.774394;-0.625235;0.965107;1.316158
alpha;-0.750000;2.250000;-0.250000;0.096927;0.774394;-0.625235;0.385083;1.316158
alpha;-0.250000;-0.250000;-1.250000;0.096927;0.774394;-0.625235;0.568649;0.506614
alpha;-0.250000;0.250000;-1.250000;0.096927;0.774394;-0.625235;1.214315;0.506614
alpha;-0.250000;0.750000;-1.250000;0.096927;0.774394;-0.625235;1.859981;0.506614
alpha;-0.250000;1.250000;-1.250000;0.096927;0.774394;-0.625235;2.505647;0.506614
alpha;-0.250000;1.250000;-0.750000;0.096927;0.774394;-0.625235;2.476115;0.455270
alpha;-0.250000;1.250000;-0.250000;0.096927;0.774394;-0.625235;1.676415;0.455270
alpha;-0.250000;1.250000;0.250000;0.096927;0.774394;-0.625235;0.876716;0.455270
alpha;-0.250000;1.250000;0.750000;0.096927;0.774394;-0.625235;0.077017;0.455270
alpha;-0.250000;1.750000;-1.250000;0.096927;0.774394;-0.625235;2.582664;0.885714
alpha;-0.250000;1.750000;-0.750000;0.096927;0.774394;-0.625235;1.830449;0.885714
alpha;-0.250000;1.750000;-0.250000;0.096927;0.774394;-0.625235;1.030749;0.885714
alpha;-0.250000;1.750000;0.250000;0.096927;0.774394;-0.625235;0.231050;0.885714
alpha;-0.250000;2.250000;-1.250000;0.096927;0.774394;-0.625235;1.984482;1.316158
alpha;-0.250000;2.250000;-0.750000;0.096927;0.774394;-0.625235;1.184783;1.316158
alpha;-0.250000;2.250000;-0.250000;0.096927;0.774394;-0.625235;0.385083;1.316158
alpha;0.250000;-0.250000;-1.250000;0.096927;0.774394;-0.625235;0.568649;0.506614
alpha;0.250000;0.250000;-1.250000;0.096927;0.774394;-0.625235;1.214315;0.506614
alpha;0.250000;0.750000;-1.250000;0.096927;0.774394;-0.625235;1.859981;0.506614
alpha;0.250000;1.250000;-1.250000;0.096927;0.774394;-0.625235;2.505647;0.506614
alpha;0.250000;1.250000;-0.750000;0.096927;0.774394;-0.625235;2.476115;0.455270
alpha;0.250000;1.250000;-0.250000;0.096927;0.774394;-0.625235;1.676415;0.455270
alpha;0.250000;1.250000;0.250000;0.096927;0.774394;-0.625235;0.876716;0.455270
alpha;0.250000;1.250000;0.750000;0.096927;0.774394;-0.625235;0.077017;0.455270
alpha;0.250000;1.750000;-1.250000;0.096927;0.774394;-0.625235;2.582664;0.885714
alpha;0.250000;1.750000;-0.750000;0.096927;0.774394;-0.625235;1.830449;0.885714
alpha;0.250000;1.750000;-0.250000;0.096927;0.774394;-0.625235;1.030749;0.885714
alpha;0.250000;1.750000;0.250000;0.096927;0.774394;-0.625235;0.231050;0.885714
alpha;0.250000;2.250000;-1.250000;0.096927;0.774394;-0.625235;1.984482;1.316158
alpha;0.250000;2.250000;-0.750000;0.096927;0.774394;-0.625235;1.184783;1.316158
alpha;0.250000;2.250000;-0.250000;0.096927;0.774394;-0.625235;0.385083;1.316158
alpha;0.750000;-0.250000;-1.250000;0.096927;0.774394;-0.625235;0.568649;0.506614
alpha;0.750000;0.250000;-1.250000;0.096927;0.774394;-0.625235;1.214315;0.506614
alpha;0.750000;0.750000;-1.250000;0.096927;0.774394;-0.625235;1.859981;0.506614
alpha;0.750000;1.250000;-1.250000;0.096927;0.774394;-0.625235;2.505647;0.506614
alpha;0.750000;1.250000;-0.750000;0.096927;0.774394;-0.625235;2.476115;0.455270
alpha;0.750000;1.250000;-0.250000;0.096927;0.774394;-0.625235;1.676415;0.455270
alpha;0.750000;1.250000;0.250000;0.096927;0.774394;-0.625235;0.876716;0.455270
alpha;0.750000;1.250000;0.750000;0.096927;0.774394;-0.625235;0.077017;0.455270
alpha;0.750000;1.750000;-1.250000;0.096927;0.774394;-0.625235;2.582664;0.885714
alpha;0.750000;1.750000;-0.750000;0.096927;0.774394;-0.625235;1.830449;0.885714
alpha;0.750000;1.750000;-0.250000;0.096927;0.774394;-0.625235;1.030749;0.885714
alpha;0.750000;1.750000;0.250000;0.096927;0.774394;-0.625235;0.231050;0.885714
alpha;0.750000;2.250000;-1.250000;0.096927;0.774394;-0.625235;1.984482;1.316158
alpha;0.750000;2.250000;-0.750000;0.096927;0.774394;-0.625235;1.184783;1.316158
alpha;0.750000;2.250000;-0.250000;0.096927;0.774394;-0.625235;0.385083;1.316158
alpha;1.250000;1.250000;-1.250000;0.096927;0.774394;-0.625235;0.326225;1.959562
alpha;1.250000;1.250000;-0.750000;0.096927;0.774394;-0.625235;0.219676;1.959562
alpha;1.250000;1.750000;-1.250000;0.096927;0.774394;-0.625235;0.971891;1.959562
alpha;1.250000;1.750000;-0.750000;0.096927;0.774394;-0.625235;0.219676;1.959562
alpha;1.250000;2.250000;-1.250000;0.096927;0.774394;-0.625235;1.019375;1.959562
alpha;1.250000;2.250000;-0.750000;0.096927;0.774394;-0.625235;0.219676;1.959562
alpha;1.250000;-0.250000;-0.750000;0.928886;-0.362580;0.075538;2.153116;0.179426
alpha;1.250000;-0.250000;-0.250000;0.928886;-0.362580;0.075538;2.153116;0.179426
alpha;1.250000;-0.250000;0.250000;0.928886;-0.362580;0.075538;2.153116;0.179426
alpha;1.250000;-0.250000;0.750000;0.928886;-0.362580;0.075538;2.153116;0.179426
alpha;1.250000;0.250000;-0.750000;0.928886;-0.362580;0.075538;1.799367;0.179426
alpha;1.250000;0.250000;-0.250000;0.928886;-0.362580;0.075538;1.799367;0.179426
alpha;1.250000;0.250000;0.250000;0.928886;-0.362580;0.075538;1.799367;0.179426
alpha;1.250000;0.250000;0.750000;0.928886;-0.362580;0.075538;1.799367;0.179426
alpha;1.250000;0.750000;-0.750000;0.928886;-0.362580;0.075538;0.420363;0.179426
alpha;1.250000;0.750000;-0.250000;0.928886;-0.362580;0.075538;0.420363;0.179426
alpha;1.250000;0.750000;0.250000;0.928886;-0.362580;0.075538;0.420363;0.179426
alpha;1.250000;0.750000;0.750000;0.928886;-0.362580;0.075538;0.420363;0.179426
alpha;-0.250000;-0.250000;-1.250000;0.876632;-0.257320;-0.406575;0.240655;0.409928
alpha;-0.250000;0.250000;-1.250000;0.876632;-0.257320;-0.406575;0.240655;0.409928
alpha;-0.250000;0.750000;-1.250000;0.876632;-0.257320;-0.406575;0.240655;0.409928
alpha;0.250000;-0.250000;-1.250000;0.876632;-0.257320;-0.406575;0.811020;0.409928
alpha;0.250000;0.250000;-1.250000;0.876632;-0.257320;-0.406575;0.811020;0.409928
alpha;0.250000;0.750000;-1.250000;0.876632;-0.257320;-0.406575;0.356661;0.409928
alpha;0.750000;-0.250000;-1.250000;0.876632;-0.257320;-0.406575;1.381385;0.409928
alpha;0.750000;0.250000;-1.250000;0.876632;-0.257320;-0.406575;1.381385;0.409928
alpha;0.750000;0.750000;-1.250000;0.876632;-0.257320;-0.406575;0.356661;0.409928
alpha;1.250000;-0.250000;-1.250000;0.876632;-0.257320;-0.406575;1.951750;0.409928
alpha;1.250000;-0.250000;-0.750000;0.876632;-0.257320;-0.406575;2.281460;0.190122
alpha;1.250000;-0.250000;-0.250000;0.876632;-0.257320;-0.406575;2.281460;0.190122
alpha;1.250000;-0.250000;0.250000;0.876632;-0.257320;-0.406575;1.559494;0.190122
alpha;1.250000;-0.250000;0.750000;0.876632;-0.257320;-0.406575;0.329710;0.190122
alpha;1.250000;0.250000;-1.250000;0.876632;-0.257320;-0.406575;1.951750;0.409928
alpha;1.250000;0.250000;-0.750000;0.876632;-0.257320;-0.406575;2.281460;0.190122
alpha;1.250000;0.250000;-0.250000;0.876632;-0.257320;-0.406575;2.281460;0.190122
alpha;1.250000;0.250000;0.250000;0.876632;-0.257320;-0.406575;1.559494;0.190122
alpha;1.250000;0.250000;0.750000;0.876632;-0.257320;-0.406575;0.329710;0.190122
alpha;1.250000;0.750000;-1.250000;0.876632;-0.257320;-0.406575;0.356661;0.409928
alpha;1.250000;0.750000;-0.750000;0.876632;-0.257320;-0.406575;0.686371;0.190122
alpha;1.250000;0.750000;-0.250000;0.876632;-0.257320;-0.406575;0.686371;0.190122
alpha;1.250000;0.750000;0.250000;0.876632;-0.257320;-0.406575;0.686371;0.190122
alpha;1.250000;0.750000;0.750000;0.876632;-0.257320;-0.406575;0.329710;0.190122
alpha;-0.750000;1.250000;-0.750000;0.510174;0.721663;-0.467894;0.143607;2.260935
alpha;-0.750000;1.250000;-0.250000;0.510174;0.721663;-0.467894;0.143607;2.260935
alpha;-0.750000;1.250000;0.250000;0.510174;0.721663;-0.467894;0.143607;2.260935
alpha;-0.750000;1.250000;0.750000;0.510174;0.721663;-0.467894;0.143607;2.260935
alpha;-0.250000;-0.250000;-1.250000;0.510174;0.721663;-0.467894;0.504957;2.386193
alpha;-0.250000;0.250000;-1.250000;0.510174;0.721663;-0.467894;0.935779;2.386193
alpha;-0.250000;0.750000;-1.250000;0.510174;0.721663;-0.467894;0.935779;2.386193
alpha;-0.250000;1.250000;-1.250000;0.510174;0.721663;-0.467894;0.935779;2.386193
alpha;-0.250000;1.250000;-0.750000;0.510174;0.721663;-0.467894;1.123666;2.260935
alpha;-0.250000;1.250000;-0.250000;0.510174;0.721663;-0.467894;1.123666;2.260935
alpha;-0.250000;1.250000;0.250000;0.510174;0.721663;-0.467894;1.123666;2.260935
alpha;-0.250000;1.250000;0.750000;0.510174;0.721663;-0.467894;0.187887;2.260935
alpha;-0.250000;1.750000;-1.250000;0.510174;0.721663;-0.467894;0.430822;2.722830
alpha;-0.250000;1.750000;-0.750000;0.510174;0.721663;-0.467894;0.430822;2.722830
alpha;-0.250000;1.750000;-0.250000;0.510174;0.721663;-0.467894;0.430822;2.722830
alpha;-0.250000;1.750000;0.250000;0.510174;0.721663;-0.467894;0.430822;2.722830
alpha;0.250000;-0.250000;-1.250000;0.510174;0.721663;-0.467894;0.504957;2.386193
alpha;0.250000;0.250000;-1.250000;0.510174;0.721663;-0.467894;1.197800;2.386193
alpha;0.250000;0.750000;-1.250000;0.510174;0.721663;-0.467894;1.890644;2.386193
alpha;0.250000;1.250000;-1.250000;0.510174;0.721663;-0.467894;1.915837;2.386193
alpha;0.250000;1.250000;-0.750000;0.510174;0.721663;-0.467894;2.103725;2.260935
alpha;0.250000;1.250000;-0.250000;0.510174;0.721663;-0.467894;2.103725;2.260935
alpha;0.250000;1.250000;0.250000;0.510174;0.721663;-0.467894;1.256505;2.260935
alpha;0.250000;1.250000;0.750000;0.510174;0.721663;-0.467894;0.187887;2.260935
alpha;0.250000;1.750000;-1.250000;0.510174;0.721663;-0.467894;1.410881;2.722830
alpha;0.250000;1.750000;-0.750000;0.510174;0.721663;-0.467894;1.410881;2.722830
alpha;0.250000;1.750000;-0.250000;0.510174;0.721663;-0.467894;1.410881;2.722830
alpha;0.250000;1.750000;0.250000;0.510174;0.721663;-0.467894;0.563662;2.722830
alpha;0.250000;2.250000;-1.250000;0.510174;0.721663;-0.467894;0.718037;3.184726
alpha;0.250000;2.250000;-0.750000;0.510174;0.721663;-0.467894;0.718037;3.184726
alpha;0.250000;2.250000;-0.250000;0.510174;0.721663;-0.467894;0.718037;3.184726
alpha;0.750000;-0.250000;-1.250000;0.510174;0.721663;-0.467894;0.504957;2.386193
alpha;0.750000;0.250000;-1.250000;0.510174;0.721663;-0.467894;1.197800;2.386193
alpha;0.750000;0.750000;-1.250000;0.510174;0.721663;-0.467894;1.890644;2.386193
alpha;0.750000;1.250000;-1.250000;0.510174;0.721663;-0.467894;2.583488;2.386193
alpha;0.750000;1.250000;-0.750000;0.510174;0.721663;-0.467894;2.771375;2.260935
alpha;0.750000;1.250000;-0.250000;0.510174;0.721663;-0.467894;2.325123;2.260935
alpha;0.750000;1.250000;0.250000;0.510174;0.721663;-0.467894;1.256505;2.260935
alpha;0.750000;1.250000;0.750000;0.510174;0.721663;-0.467894;0.187887;2.260935
alpha;0.750000;1.750000;-1.250000;0.510174;0.721663;-0.467894;2.390939;2.722830
alpha;0.750000;1.750000;-0.750000;0.510174;0.721663;-0.467894;2.390939;2.722830
alpha;0.750000;1.750000;-0.250000;0.510174;0.721663;-0.467894;1.632280;2.722830
alpha;0.750000;1.750000;0.250000;0.510174;0.721663;-0.467894;0.563662;2.722830
alpha;0.750000;2.250000;-1.250000;0.510174;0.721663;-0.467894;1.698096;3.184726
alpha;0.750000;2.250000;-0.750000;0.510174;0.721663;-0.467894;1.698096;3.184726
alpha;0.750000;2.250000;-0.250000;0.510174;0.721663;-0.467894;0.939436;3.184726
alpha;1.250000;-0.250000;-1.250000;0.510174;0.721663;-0.467894;0.504957;2.386193
alpha;1.250000;-0.250000;-0.750000;0.510174;0.721663;-0.467894;0.549236;2.356673
alpha;1.250000;-0.250000;-0.250000;0.510174;0.721663;-0.467894;0.549236;2.356673
alpha;1.250000;-0.250000;0.250000;0.510174;0.721663;-0.467894;0.549236;2.356673
alpha;1.250000;-0.250000;0.750000;0.510174;0.721663;-0.467894;0.044280;2.356673
alpha;1.250000;0.250000;-1.250000;0.510174;0.721663;-0.467894;1.197800;2.386193
alpha;1.250000;0.250000;-0.750000;0.510174;0.721663;-0.467894;1.242080;2.356673
alpha;1.250000;0.250000;-0.250000;0.510174;0.721663;-0.467894;1.242080;2.356673
alpha;1.250000;0.250000;0.250000;0.510174;0.721663;-0.467894;1.112898;2.356673
alpha;1.250000;0.250000;0.750000;0.510174;0.721663;-0.467894;0.044280;2.356673
alpha;1.250000;0.750000;-1.250000;0.510174;0.721663;-0.467894;1.890644;2.386193
alpha;1.250000;0.750000;-0.750000;0.510174;0.721663;-0.467894;1.934924;2.356673
alpha;1.250000;0.750000;-0.250000;0.510174;0.721663;-0.467894;1.934924;2.356673
alpha;1.250000;0.750000;0.250000;0.510174;0.721663;-0.467894;1.112898;2.356673
alpha;1.250000;0.750000;0.750000;0.510174;0.721663;-0.467894;0.044280;2.356673
alpha;1.250000;1.250000;-1.250000;0.510174;0.721663;-0.467894;2.583488;2.386193
alpha;1.250000;1.250000;-0.750000;0.510174;0.721663;-0.467894;2.627768;2.356673
alpha;1.250000;1.250000;-0.250000;0.510174;0.721663;-0.467894;2.181516;2.356673
alpha;1.250000;1.250000;0.250000;0.510174;0.721663;-0.467894;1.112898;2.356673
alpha;1.250000;1.250000;0.750000;0.510174;0.721663;-0.467894;0.044280;2.356673
alpha;1.250000;1.750000;-1.250000;0.510174;0.721663;-0.467894;2.771375;2.722830
alpha;1.250000;1.750000;-0.750000;0.510174;0.721663;-0.467894;2.700898;2.722830
alpha;1.250000;1.750000;-0.250000;0.510174;0.721663;-0.467894;1.632280;2.722830
alpha;1.250000;1.750000;0.250000;0.510174;0.721663;-0.467894;0.563662;2.722830
alpha;1.250000;2.250000;-1.250000;0.510174;0.721663;-0.467894;2.678154;3.184726
alpha;1.250000;2.250000;-0.750000;0.510174;0.721663;-0.467894;2.008054;3.184726
alpha;1.250000;2.250000;-0.250000;0.510174;0.721663;-0.467894;0.939436;3.184726
